epoch,train_loss,train_acc1,train_acc5,val_acc1,val_acc5,best_acc1,best_acc5,optimizer
0,5.119024249390288,10.087045570845078,23.588475515972466,21.034,43.118,21.034,43.118,"AdamW , lr = 0.001, wd = 0.01"
1,3.4334772343402142,30.071934359658393,53.58860040184721,40.422,66.22,40.422,66.22,"AdamW , lr = 0.001, wd = 0.01"
2,2.774295264571816,40.926716870664784,65.23547263098581,47.59,72.96,47.59,72.96,"AdamW , lr = 0.001, wd = 0.01"
3,2.4411571047522806,46.80728834938119,70.6620833489441,52.544,77.13,52.544,77.13,"AdamW , lr = 0.001, wd = 0.01"
4,2.2232213881108667,50.82018907699041,74.13204201090211,55.96,79.666,55.96,79.666,"AdamW , lr = 0.001, wd = 0.01"
5,2.07233085610888,53.697251257893384,76.50019357288791,58.186,81.608,58.186,81.608,"AdamW , lr = 0.001, wd = 0.01"
6,1.9543588298422234,55.77098397693032,78.25203251975353,60.56,83.008,60.56,83.008,"AdamW , lr = 0.001, wd = 0.01"
