epoch,train_loss,train_acc1,train_acc5,val_acc1,val_acc5,best_acc1,best_acc5,optimizer
0,5.004433306352004,11.011514493001295,25.405567419491295,23.104,46.538,23.104,46.538,"AdamW , lr = 0.001, wd = 0.1"
1,3.364980407432838,30.641726923943484,54.76971013911658,39.124,65.366,39.124,65.366,"AdamW , lr = 0.001, wd = 0.1"
2,2.8341203103651416,39.24231638624986,64.26042486207494,44.988,71.424,44.988,71.424,"AdamW , lr = 0.001, wd = 0.1"
3,2.6171781331270965,43.1006706379475,68.03323217497277,47.948,74.086,47.948,74.086,"AdamW , lr = 0.001, wd = 0.1"
4,2.490394151175058,45.19813170462879,70.12507337054937,49.402,75.492,49.402,75.492,"AdamW , lr = 0.001, wd = 0.1"
5,2.416855952384827,46.57937132357187,71.33896569313744,49.96,75.806,49.96,75.806,"AdamW , lr = 0.001, wd = 0.1"
6,2.369991467287252,47.437338428350344,72.09265295408403,51.388,76.726,51.388,76.726,"AdamW , lr = 0.001, wd = 0.1"
