run_id,epoch,train_loss,train_accuracy,test_loss,test_accuracy,optimizer
0,0,0.48442072618980797,83.282,0.3246461361646652,89.11,"innaprop, ($\alpha$, $\beta$)= (0.1,0.9), lr = 0.0001, wd = 0.01"
0,1,0.20939687076880006,92.794,0.3732580369710922,89.11,"innaprop, ($\alpha$, $\beta$)= (0.1,0.9), lr = 0.0001, wd = 0.01"
0,2,0.14367792907418037,95.034,0.3185817591845989,90.15,"innaprop, ($\alpha$, $\beta$)= (0.1,0.9), lr = 0.0001, wd = 0.01"
