epoch,train_loss,train_acc1,train_acc5,val_acc1,val_acc5,best_acc1,best_acc5,optimizer
0,6.64689622813468,1.0775754396482813,4.144809152677857,2.904,9.576,2.904,9.576,"INNAprop, ($\alpha$, $\beta$)= (0.1,0.9), lr = 0.001, wd = 0.05"
1,6.389778069359698,2.5685701438848922,8.317408573141487,6.334,17.73,6.334,17.73,"INNAprop, ($\alpha$, $\beta$)= (0.1,0.9), lr = 0.001, wd = 0.05"
2,6.176312796884685,4.325289768185452,12.52466776578737,9.408,23.684,9.408,23.684,"INNAprop, ($\alpha$, $\beta$)= (0.1,0.9), lr = 0.001, wd = 0.05"
