alpha,beta,lr,weight_decay,train_loss,test_acc,train_acc
0.1,1.0,0.001,0.0,0.000645362241851841,90.16,99.964
0.1,0.9,0.001,0.0,0.0006724598157113493,90.41,99.97
0.1,0.5,0.001,0.0,0.0012574579673267237,89.72,99.942
0.1,0.1,0.001,0.0,0.0029902392779502184,88.62,99.85
