run_id,epoch,train_loss,train_accuracy,test_loss,test_accuracy,optimizer
0,0,0.4318240432410824,85.212,0.24679147869348525,91.35,"adam, lr = 0.0001, wd = 0.01"
0,1,0.1977695024439267,93.182,0.22205453656613827,92.35,"adam, lr = 0.0001, wd = 0.01"
0,2,0.1423942502207902,95.024,0.23691839165985584,92.47,"adam, lr = 0.0001, wd = 0.01"
