epoch,train_loss,train_acc1,train_acc5,val_acc1,val_acc5,best_acc1,best_acc5,optimizer
0,6.57376021485058,1.4847497002398082,5.176796063149481,4.502,13.86,4.502,13.86,"AdamW , lr = 0.003, wd = 0.3"
1,6.228245950526566,3.743567645883293,11.173248900879296,8.39,22.046,8.39,22.046,"AdamW , lr = 0.003, wd = 0.3"
2,6.044120132970772,5.68919864108713,15.422661870503598,12.446,29.214,12.446,29.214,"AdamW , lr = 0.003, wd = 0.3"
3,5.825592116486255,8.03169964028777,20.007743804956036,15.748,34.998,15.748,34.998,"AdamW , lr = 0.003, wd = 0.3"
