epoch,train_loss,train_acc1,train_acc5,val_acc1,val_acc5,best_acc1,best_acc5,optimizer
0,4.872278789135364,12.00154858687871,27.459942802073897,24.08,47.794,24.08,47.794,"AdamW , lr = 0.001, wd = 0.01"
1,3.464084632580097,29.161515117336222,53.01724676199589,37.818,64.13,37.818,64.13,"AdamW , lr = 0.001, wd = 0.01"
2,2.9687226721814106,37.15422177234663,61.77831478751797,43.128,69.134,43.128,69.134,"AdamW , lr = 0.001, wd = 0.01"
